City_ID,City,Country,Lat,Lng,Max Temp,Humidity,Cloudiness,Wind Speed,Current Description
0,Saint George,US,37.1041,-113.5841,40.24,31,0,1.01,clear sky
1,Codrington,AU,-38.2667,141.9667,67.28,59,77,14.92,broken clouds
2,Rikitea,PF,-23.1203,-134.9692,78.08,74,100,18.41,overcast clouds
3,Albany,US,42.6001,-73.9662,38.19,91,100,1.99,snow
4,Vila Velha,BR,-20.3297,-40.2925,75.15,95,40,6.91,light rain
5,Batagay-Alyta,RU,67.8006,130.4114,-16.46,97,99,3.04,overcast clouds
6,Hobart,AU,-42.8794,147.3294,74.12,47,20,1.99,few clouds
7,Bluff,NZ,-46.6,168.3333,52.81,84,100,3.29,light rain
8,Nikolskoye,RU,59.7035,30.7861,-0.09,100,100,2.77,overcast clouds
9,Shimoda,JP,34.6667,138.95,46.76,64,100,1.74,overcast clouds
10,Olden,NO,61.8364,6.8064,40.12,95,100,10.31,overcast clouds
11,Cape Town,ZA,-33.9258,18.4232,62.28,72,0,4.0,clear sky
12,Kandrian,PG,-6.2167,149.55,88.68,59,75,17.74,broken clouds
13,Port Shepstone,ZA,-30.7414,30.455,75.54,85,100,16.13,light rain
14,Panzhihua,CN,26.5851,101.7128,55.06,53,4,0.49,clear sky
15,Chengde,CN,40.9725,117.9361,15.62,31,0,13.15,clear sky
16,Arraial Do Cabo,BR,-22.9661,-42.0278,75.38,91,100,9.24,overcast clouds
17,Patnos,TR,39.2336,42.8634,17.11,94,98,2.26,overcast clouds
18,Evensk,RU,61.95,159.2333,16.99,44,39,24.47,scattered clouds
19,Qaanaaq,GL,77.484,-69.3632,-13.45,56,99,8.46,overcast clouds
20,Esperance,AU,-33.8667,121.9,79.16,46,2,9.04,clear sky
21,Egvekinot,RU,66.3167,-179.1667,-7.19,74,1,18.01,clear sky
22,Severo-Kurilsk,RU,50.6789,156.125,31.12,90,100,10.83,light snow
23,Kapaa,US,22.0752,-159.319,76.12,66,0,1.01,clear sky
24,Husavik,IS,66.0449,-17.3389,22.91,90,100,13.65,snow
25,Mataura,NZ,-46.1927,168.8643,52.48,99,100,2.84,light rain
26,Clyde River,CA,70.4692,-68.5914,-7.37,84,100,33.38,heavy snow
27,Vaini,TO,-21.2,-175.2,86.16,79,75,10.36,broken clouds
28,Mar Del Plata,AR,-38.0023,-57.5575,70.09,94,100,0.0,fog
29,Cidreira,BR,-30.1811,-50.2056,75.7,89,84,22.15,broken clouds
30,Lata,PT,40.1629,-8.3327,48.07,96,99,0.54,overcast clouds
31,Mto Wa Mbu,TZ,-3.35,35.85,68.65,77,100,4.0,overcast clouds
32,Stephenville,US,32.2207,-98.2023,18.25,86,100,0.0,overcast clouds
33,Castro,BR,-24.7911,-50.0119,64.47,98,100,5.01,overcast clouds
34,Ponta Do Sol,PT,32.6667,-17.1,67.01,67,25,4.09,scattered clouds
35,Saldanha,ZA,-33.0117,17.9442,57.25,81,0,18.92,clear sky
36,Lillebonne,FR,49.5203,0.5362,47.48,77,100,12.57,overcast clouds
37,Sao Filipe,CV,14.8961,-24.4956,72.52,77,0,8.75,clear sky
38,Bambous Virieux,MU,-20.3428,57.7575,80.85,94,75,20.71,light rain
39,Antofagasta,CL,-23.65,-70.4,65.48,79,6,4.43,clear sky
40,Busselton,AU,-33.65,115.3333,99.05,33,57,15.95,broken clouds
41,Punta Arenas,CL,-53.15,-70.9167,42.91,61,75,10.36,broken clouds
42,Guerrero Negro,MX,27.9769,-114.0611,59.18,30,0,15.28,clear sky
43,Ushuaia,AR,-54.8,-68.3,42.46,70,75,18.41,broken clouds
44,East London,ZA,-33.0153,27.9116,67.14,82,0,10.36,clear sky
45,Port Alfred,ZA,-33.5906,26.891,69.89,74,97,15.95,overcast clouds
46,Hilo,US,19.7297,-155.09,74.93,80,100,9.22,overcast clouds
47,Dikson,RU,73.5069,80.5464,-7.19,94,100,5.55,overcast clouds
48,Bubaque,GW,11.2833,-15.8333,77.11,71,0,7.07,clear sky
49,Hervey Bay,AU,-25.2986,152.8535,88.03,64,84,24.18,light rain
50,Vao,NC,-22.6667,167.4833,75.15,92,100,5.59,light rain
51,Bojnurd,IR,37.4747,57.329,30.15,80,0,2.3,clear sky
52,Cherskiy,RU,68.75,161.3,-28.86,99,16,3.36,few clouds
53,Kruisfontein,ZA,-34.0033,24.7314,64.89,75,74,9.53,broken clouds
54,Mahibadhoo,MV,3.7833,72.9667,81.09,70,16,7.25,few clouds
55,Saint-Philippe,RE,-21.3585,55.7679,80.15,92,100,32.41,moderate rain
56,Anloga,GH,5.7947,0.8973,79.02,81,0,6.02,light rain
57,Tuktoyaktuk,CA,69.4541,-133.0374,-23.8,76,75,8.05,light snow
58,Dzhebariki-Khaya,RU,62.2167,135.8,-24.14,95,90,1.88,overcast clouds
59,Tessalit,ML,20.1986,1.0114,55.69,18,0,11.63,clear sky
60,Wucheng,CN,29.6008,118.175,39.51,90,100,2.37,overcast clouds
61,Haysville,US,37.5645,-97.3523,19.8,62,100,8.01,overcast clouds
62,Mudgee,AU,-32.5943,149.5871,72.79,46,40,17.27,scattered clouds
63,Yellowknife,CA,62.456,-114.3525,-28.44,75,0,5.75,clear sky
64,Chokurdakh,RU,70.6333,147.9167,-27.18,100,67,0.94,broken clouds
65,Yar-Sale,RU,66.8333,70.8333,-2.74,98,99,5.08,overcast clouds
66,Shiloh,US,38.5614,-89.8973,19.38,86,100,10.36,overcast clouds
67,Lebu,CL,-37.6167,-73.65,59.52,92,13,13.76,few clouds
68,Puerto Ayora,EC,-0.7393,-90.3518,75.54,92,7,4.0,clear sky
69,Khatanga,RU,71.9667,102.5,-32.01,100,90,4.41,overcast clouds
70,Sambava,MG,-14.2667,50.1667,74.93,88,100,5.41,overcast clouds
71,Butaritari,KI,3.0707,172.7902,81.9,76,17,14.52,light rain
72,Ancud,CL,-41.8697,-73.8203,60.22,96,37,3.09,scattered clouds
73,Oranjemund,NA,-28.55,16.4333,63.43,82,3,21.85,clear sky
74,Karaidel,RU,55.8337,56.9069,29.61,94,100,10.02,light snow
75,Gebre Guracha,ET,9.8,38.4,51.55,44,68,3.49,broken clouds
76,Margate,GB,51.3813,1.3862,49.96,84,100,20.8,overcast clouds
77,Havre-Saint-Pierre,CA,50.2334,-63.5986,10.99,61,100,13.8,overcast clouds
78,Coahuayana,MX,18.7333,-103.6833,67.69,79,12,2.8,few clouds
79,Faanui,PF,-16.4833,-151.75,81.28,70,1,15.12,clear sky
80,Las Animas,CL,-39.8087,-73.2182,59.14,96,18,1.81,few clouds
81,Gornopravdinsk,RU,60.05,69.9,23.5,95,100,8.57,overcast clouds
82,Hasaki,JP,35.7333,140.8333,48.29,57,100,8.55,overcast clouds
83,Ridgecrest,US,35.6225,-117.6709,45.43,26,20,3.44,few clouds
84,Makakilo City,US,21.3469,-158.0858,79.12,45,0,9.22,clear sky
85,Fairbanks,US,64.8378,-147.7164,0.48,53,0,8.05,clear sky
86,Kiunga,PG,-6.1219,141.2906,94.1,44,18,3.49,few clouds
87,Victoria,HK,22.2855,114.1577,61.18,76,67,1.99,broken clouds
88,Taseyevo,RU,57.2169,94.8978,13.57,91,100,5.44,overcast clouds
89,Hermanus,ZA,-34.4187,19.2345,60.91,72,100,9.33,overcast clouds
90,Balkhash,KZ,46.844,74.9804,3.81,72,0,13.42,clear sky
91,Beringovskiy,RU,63.05,179.3167,0.3,78,100,18.1,overcast clouds
92,Georgetown,MY,5.4112,100.3354,87.73,71,20,3.0,few clouds
93,Jamestown,US,42.097,-79.2353,22.08,69,100,8.99,snow
94,Aden,YE,12.7794,45.0367,76.6,60,1,7.09,clear sky
95,Te Anau,NZ,-45.4167,167.7167,48.34,97,100,3.22,moderate rain
96,Mahebourg,MU,-20.4081,57.7,81.25,94,75,20.71,broken clouds
97,Yarada,IN,17.65,83.2667,73.72,88,40,2.3,mist
98,Tabory,RU,58.5198,64.5495,23.92,95,100,7.23,overcast clouds
99,Savonlinna,FI,61.8699,28.88,1.45,85,100,2.3,overcast clouds
100,Yerbogachen,RU,61.2767,108.0108,7.57,95,100,4.27,overcast clouds
101,Abancay,PE,-13.6339,-72.8814,58.42,95,93,3.8,light rain
102,Bredasdorp,ZA,-34.5322,20.0403,58.32,77,100,3.44,overcast clouds
103,Kodiak,US,57.79,-152.4072,38.71,81,100,17.27,haze
104,San Francisco,US,37.7749,-122.4194,56.5,74,40,1.01,scattered clouds
105,Atuona,PF,-9.8,-139.0333,79.0,72,4,17.02,clear sky
106,Palamuse,EE,58.6843,26.584,11.95,100,99,3.04,overcast clouds
107,Barrow,US,71.2906,-156.7887,-25.58,91,100,0.0,mist
108,Lerik,AZ,38.7726,48.4128,39.92,55,0,10.76,clear sky
109,Geraldton,AU,-28.7667,114.6,108.01,9,0,10.36,clear sky
110,Zeya,RU,53.75,127.2667,1.08,54,51,3.94,broken clouds
111,Saint Anthony,US,45.0205,-93.218,1.02,65,0,0.0,clear sky
112,Coihaique,CL,-45.5752,-72.0662,56.01,76,20,3.44,few clouds
113,Provideniya,RU,64.3833,-173.3,2.77,58,8,23.31,clear sky
114,Gresham,US,45.4982,-122.4315,44.87,93,0,0.0,clear sky
115,Eureka,US,40.8021,-124.1637,46.26,84,2,1.01,clear sky
116,Maceio,BR,-9.6658,-35.7353,76.44,88,20,2.3,few clouds
117,Lebedyn,UA,50.5852,34.4849,19.76,95,97,10.69,overcast clouds
118,Tiksi,RU,71.6872,128.8694,-11.69,100,100,7.02,overcast clouds
119,Tasiilaq,GL,65.6145,-37.6368,12.36,60,85,6.13,overcast clouds
120,Palora,EC,-1.7,-77.9333,67.89,93,100,2.33,light rain
121,Aktau,KZ,43.65,51.2,37.98,73,100,10.96,overcast clouds
122,Luderitz,NA,-26.6481,15.1594,68.16,70,1,15.68,clear sky
123,Avarua,CK,-21.2078,-159.775,82.45,78,75,16.11,broken clouds
124,Mbandaka,CD,0.0487,18.2603,70.39,77,98,4.41,overcast clouds
125,Yarmouth,US,41.7057,-70.2286,50.97,97,100,10.36,mist
126,Tommot,RU,58.9564,126.2925,-5.84,90,100,8.03,overcast clouds
127,Ucluelet,CA,48.9329,-125.5528,46.09,94,100,4.03,overcast clouds
128,Fort Nelson,CA,58.8053,-122.7002,-11.61,77,100,4.61,light snow
129,Sept-Iles,CA,50.2001,-66.3821,4.05,59,75,3.0,broken clouds
130,Kaitangata,NZ,-46.2817,169.8464,49.05,96,100,2.73,moderate rain
131,Afua,BR,-0.1567,-50.3867,74.89,95,100,5.3,overcast clouds
132,Estelle,US,29.8458,-90.1067,48.2,93,100,10.36,thunderstorm
133,Valparaiso,CL,-33.0393,-71.6273,63.52,88,0,4.61,clear sky
134,Hofn,IS,64.2539,-15.2082,28.96,57,100,20.58,overcast clouds
135,Tamandare,BR,-8.7597,-35.1047,78.53,76,89,8.39,overcast clouds
136,Itarema,BR,-2.9248,-39.9167,78.13,85,80,10.18,broken clouds
137,Le Vauclin,MQ,14.5452,-60.8388,76.84,83,0,5.75,clear sky
138,Inverness,GB,57.4791,-4.224,36.99,87,20,5.99,few clouds
139,Dunedin,NZ,-45.8742,170.5036,50.7,96,100,4.94,overcast clouds
140,Korla,CN,41.7597,86.1469,26.19,44,100,7.56,overcast clouds
141,Kodinsk,RU,58.6881,99.1844,10.24,95,100,4.88,light snow
142,Fortuna,US,40.5982,-124.1573,47.19,90,0,0.0,clear sky
143,Basoko,CD,1.2391,23.616,71.15,79,100,2.95,overcast clouds
144,Bac Lieu,VN,9.285,105.7244,84.83,61,20,23.91,few clouds
145,Dwarka,IN,22.2394,68.9678,68.52,47,5,4.83,clear sky
146,Cabo San Lucas,MX,22.8909,-109.9124,67.51,58,20,8.05,few clouds
147,Mananara,MG,-16.1667,49.7667,75.74,84,100,6.51,overcast clouds
148,Bethel,US,41.3712,-73.414,49.77,93,100,6.91,light rain
149,Kavieng,PG,-2.5744,150.7967,83.52,71,82,5.46,broken clouds
150,Minas,UY,-34.3759,-55.2377,70.52,97,100,5.73,overcast clouds
151,Pisco,PE,-13.7,-76.2167,69.85,73,0,9.22,clear sky
152,Tecolutla,MX,20.4833,-97.0167,64.26,90,100,17.43,overcast clouds
153,Shingu,JP,33.7333,135.9833,49.19,32,60,3.56,broken clouds
154,Xam Nua,LA,20.4197,104.0439,58.91,76,95,3.4,overcast clouds
155,Aksu,CN,41.1231,80.2644,26.89,49,100,3.56,overcast clouds
156,Shenjiamen,CN,29.9576,122.298,44.8,63,100,14.61,overcast clouds
157,Belmonte,BR,-15.8631,-38.8828,79.3,81,93,5.28,overcast clouds
158,Qasigiannguit,GL,68.8193,-51.1922,23.25,95,100,8.25,light snow
159,Sitka,US,57.0531,-135.33,46.29,81,100,24.16,moderate rain
160,Nelson Bay,AU,-32.7167,152.15,76.95,79,12,1.01,few clouds
161,Constitucion,CL,-35.3333,-72.4167,58.37,92,47,9.19,scattered clouds
162,Laguna,US,38.421,-121.4238,53.44,69,0,0.0,clear sky
163,Barabai,ID,-2.5833,115.3833,83.73,75,100,1.66,overcast clouds
164,Hit,IQ,33.6416,42.8251,54.23,41,58,8.08,broken clouds
165,Los Llanos De Aridane,ES,28.6585,-17.9182,61.12,63,0,7.0,clear sky
166,Ribeira Grande,PT,38.5167,-28.7,58.6,75,100,17.43,overcast clouds
167,Mbekenyera,TZ,-10.0,38.9833,70.5,99,100,1.5,overcast clouds
168,Merauke,ID,-8.4667,140.3333,85.24,71,100,11.54,overcast clouds
169,Katsuura,JP,35.1333,140.3,42.91,71,100,10.6,overcast clouds
170,Mayo,US,38.8876,-76.5119,60.78,93,100,1.01,overcast clouds
171,Kiama,AU,-34.6833,150.8667,75.0,58,86,17.02,overcast clouds
172,Batagay,RU,67.6333,134.6333,-29.7,97,61,0.67,broken clouds
173,Gizo,SB,-8.103,156.8419,81.79,77,100,11.23,overcast clouds
174,Longyearbyen,SJ,78.2186,15.6401,15.64,73,75,6.91,broken clouds
175,Namtsy,RU,62.7161,129.6658,-18.29,92,98,6.33,overcast clouds
176,Luau,AO,-10.7073,22.2247,62.94,99,100,2.21,overcast clouds
177,Tuatapere,NZ,-46.1333,167.6833,52.83,92,100,4.68,overcast clouds
178,Pervomayskoye,RU,43.919,46.7102,36.81,95,100,6.64,overcast clouds
179,Mehamn,NO,71.0357,27.8492,18.57,83,84,12.57,broken clouds
180,Chuy,UY,-33.6971,-53.4616,72.16,94,100,7.54,overcast clouds
181,Kahului,US,20.8947,-156.47,79.86,65,0,17.27,clear sky
182,Fengxian,CN,34.7039,116.5872,42.75,42,6,8.48,clear sky
183,Elizabeth City,US,36.2946,-76.2511,64.45,79,0,12.66,clear sky
184,Lavrentiya,RU,65.5833,-171.0,1.08,56,0,22.12,clear sky
185,Saravan,AM,39.7196,45.6483,25.45,70,41,5.28,scattered clouds
186,Bedburg,DE,50.9926,6.5713,46.72,86,100,12.62,overcast clouds
187,Do Gonbadan,IR,30.3586,50.7981,46.49,76,40,0.0,scattered clouds
188,Bardiyah,LY,31.7561,25.0865,53.78,63,48,29.68,scattered clouds
189,Vardo,NO,70.3705,31.1107,26.58,62,100,13.06,light snow
190,New Norfolk,AU,-42.7826,147.0587,73.76,34,3,4.0,clear sky
191,Jardim,BR,-21.4803,-56.1381,72.9,98,100,3.76,overcast clouds
192,Namie,JP,37.4833,141.0,43.97,56,100,5.37,overcast clouds
193,Vicuna,CL,-30.0319,-70.7081,56.93,64,0,0.83,clear sky
194,Faya,SA,18.3851,42.4509,51.91,55,7,2.91,clear sky
195,Talnakh,RU,69.4865,88.3972,-13.94,99,80,7.09,broken clouds
196,Deputatskiy,RU,69.3,139.9,-23.64,98,43,1.34,scattered clouds
197,Ho Chi Minh City,VN,10.75,106.6667,86.02,58,20,3.44,few clouds
198,Semnan,IR,35.5729,53.3971,40.5,52,47,1.81,scattered clouds
199,Nanortalik,GL,60.1432,-45.2371,26.46,95,100,12.82,snow
200,Sibolga,ID,1.7427,98.7792,82.33,70,61,2.68,broken clouds
201,Hami,CN,42.8,93.45,24.12,33,14,1.77,few clouds
202,Karratha,AU,-20.7377,116.8463,93.4,41,75,11.88,broken clouds
203,Imbituba,BR,-28.24,-48.6703,78.69,93,11,15.1,few clouds
204,Port Hedland,AU,-20.3167,118.5667,95.05,41,84,19.57,broken clouds
205,Bakchar,RU,57.0186,82.0711,7.95,92,78,7.94,broken clouds
206,Preobrazheniye,RU,42.9019,133.9064,16.23,44,2,9.08,clear sky
207,Gat,IL,31.61,34.7642,53.4,3,9,12.97,clear sky
208,Aquiraz,BR,-3.9014,-38.3911,82.49,85,98,8.01,overcast clouds
209,Port Elizabeth,ZA,-33.918,25.5701,66.49,77,0,12.66,clear sky
210,Naze,JP,28.3667,129.4833,54.52,74,100,16.96,overcast clouds
211,Tazovskiy,RU,67.4667,78.7,0.48,97,99,6.71,overcast clouds
212,Port Lincoln,AU,-34.7333,135.8667,67.89,57,32,14.76,scattered clouds
213,Xiongyue,CN,40.1774,122.1228,16.14,51,0,15.57,clear sky
214,Waipawa,NZ,-41.4122,175.5153,74.03,42,95,6.67,overcast clouds
215,Lompoc,US,34.6391,-120.4579,53.92,80,0,0.0,clear sky
216,Izumo,JP,35.3667,132.7667,42.69,61,75,12.66,broken clouds
217,Half Moon Bay,US,37.4636,-122.4286,56.98,76,20,6.91,mist
218,Paamiut,GL,61.994,-49.6678,23.99,81,100,39.71,snow
219,Oleksandrivka,UA,48.9634,32.2349,20.75,92,100,11.03,overcast clouds
220,Sabang,ID,5.8933,95.3214,82.74,71,86,15.55,overcast clouds
221,Tuensang,IN,26.2833,94.8333,60.22,60,17,2.04,few clouds
222,Lorengau,PG,-2.0226,147.2712,84.7,63,100,9.17,overcast clouds
223,Bafata,GW,12.1667,-14.75,70.11,69,0,3.22,clear sky
224,Wattegama,LK,6.7989,81.4808,79.72,71,2,3.4,clear sky
225,Kangaatsiaq,GL,68.3065,-53.4641,11.19,79,100,29.82,overcast clouds
226,Westport,US,41.1415,-73.3579,51.03,97,100,4.61,mist
227,Harper,LR,4.375,-7.7169,77.77,84,12,3.2,light rain
228,Upernavik,GL,72.7868,-56.1549,4.57,67,100,6.62,overcast clouds
229,Vila Do Maio,CV,15.1333,-23.2167,70.59,78,0,16.02,clear sky
230,Cullen,GB,57.6904,-2.8182,36.19,73,30,18.99,scattered clouds
231,Koboko,UG,3.4136,30.9599,68.63,42,100,2.33,overcast clouds
232,Gangarampur,IN,25.4,88.5167,58.69,86,100,13.82,light rain
233,Dingle,PH,10.9995,122.6711,80.76,79,81,16.53,broken clouds
234,Oistins,BB,13.0667,-59.5333,75.29,73,20,11.5,few clouds
235,Prieska,ZA,-29.6641,22.7474,68.02,46,0,4.63,clear sky
236,Shagonar,RU,51.5333,92.8,-15.25,97,89,1.63,overcast clouds
237,San Pedro,PH,14.35,121.0167,88.32,59,20,4.61,few clouds
238,Sisimiut,GL,66.9395,-53.6735,10.69,76,85,30.44,overcast clouds
239,Qiongshan,CN,20.0058,110.3542,58.98,88,75,8.95,broken clouds
240,Mersing,MY,2.4312,103.8405,84.11,79,40,9.22,scattered clouds
241,Derzhavinsk,KZ,51.1,66.3167,5.45,82,87,6.53,overcast clouds
242,Guanica,PR,17.9716,-66.908,75.2,86,65,4.94,broken clouds
243,Lucapa,AO,-8.4192,20.7447,62.94,99,100,0.78,overcast clouds
244,El Silencio,VE,10.5,-66.9167,67.05,83,20,3.44,few clouds
245,San Rafael,AR,-34.6177,-68.3301,67.17,65,100,1.52,overcast clouds
246,Pimentel,PE,-6.8367,-79.9342,70.41,83,73,11.83,broken clouds
247,Oktyabrskoye,RU,43.0645,44.7417,28.54,93,100,4.47,overcast clouds
248,Vila Franca Do Campo,PT,37.7167,-25.4333,59.41,82,100,11.43,overcast clouds
249,Hualmay,PE,-11.0964,-77.6139,70.56,82,83,8.48,broken clouds
250,Torbay,CA,47.6666,-52.7314,37.76,89,100,24.16,overcast clouds
251,Aginskoye,RU,51.1,114.53,0.23,79,4,10.85,clear sky
252,Fukue,JP,32.6881,128.8419,44.96,49,75,11.5,broken clouds
253,Birjand,IR,32.8663,59.2211,28.87,74,0,4.61,clear sky
254,Banda Aceh,ID,5.5577,95.3222,83.46,67,60,9.93,broken clouds
255,Saskylakh,RU,71.9167,114.0833,-15.02,97,100,1.81,overcast clouds
256,Necochea,AR,-38.5473,-58.7368,65.03,94,100,7.05,overcast clouds
257,Matara,LK,5.9485,80.5353,78.44,72,5,4.18,clear sky
258,Manaul,PH,12.453,121.4107,82.47,71,98,18.9,overcast clouds
259,Thompson,CA,55.7435,-97.8558,-20.04,69,0,5.75,clear sky
260,Aswan,EG,24.0934,32.907,52.5,38,0,8.46,clear sky
261,Broken Hill,AU,-31.95,141.4333,73.11,28,0,17.27,clear sky
262,Develi,TR,38.3906,35.4922,33.15,95,100,2.77,light snow
263,Lasa,IT,46.6166,10.7002,31.3,63,35,3.36,scattered clouds
264,Zavodskoy,RU,43.4597,132.2922,13.59,40,20,15.66,few clouds
265,Aasiaat,GL,68.7098,-52.8699,13.1,82,100,28.14,overcast clouds
266,Taltal,CL,-25.4,-70.4833,67.69,71,0,4.36,clear sky
267,Turukhansk,RU,65.8167,87.9833,5.63,95,99,12.01,light snow
268,Hope,US,33.6671,-93.5916,32.07,95,100,6.44,overcast clouds
269,Glen Cove,US,40.8623,-73.6337,50.76,92,100,1.99,light rain
270,North Bend,US,43.4065,-124.2243,45.86,99,0,6.91,clear sky
271,Sur,OM,22.5667,59.5289,70.2,43,0,2.93,clear sky
272,Madimba,TZ,-10.4,40.3333,77.45,89,91,7.7,light rain
273,Adrar,MR,20.5022,-10.0711,60.08,21,0,9.93,clear sky
274,Bentong,MY,3.5181,101.9079,85.44,59,93,3.71,light rain
275,Teya,RU,60.3778,92.6267,14.11,92,100,6.58,overcast clouds
276,Sumy,UA,50.9216,34.8003,19.33,95,93,9.28,overcast clouds
277,Oktyabrskiy,RU,54.4815,53.471,30.7,95,100,12.35,light snow
278,Zivinice,BA,44.4494,18.6497,26.82,100,0,1.14,clear sky
279,Kiruna,SE,67.8557,20.2251,-1.28,85,75,3.44,broken clouds
280,Valdivia,CL,-39.8142,-73.2459,59.09,98,11,2.42,few clouds
281,Kaduna,NG,10.5222,7.4383,62.13,16,0,12.46,clear sky
282,Mnogovershinnyy,RU,53.9353,139.9242,1.63,86,100,6.71,overcast clouds
283,Solnechnyy,RU,50.7214,136.6319,2.55,91,99,2.62,overcast clouds
284,Aklavik,CA,68.2191,-135.0107,-24.88,98,17,7.34,few clouds
285,Skibbereen,IE,51.55,-9.2667,42.12,74,77,15.26,broken clouds
286,Pevek,RU,69.7008,170.3133,-19.21,100,25,3.58,scattered clouds
287,Bereda,ES,43.2686,-7.5406,50.0,91,100,2.73,overcast clouds
288,Parsabad,IR,39.6482,47.9174,41.32,60,0,9.22,clear sky
289,Airai,TL,-8.9266,125.4092,73.83,61,78,5.08,broken clouds
290,Maravilha,BR,-26.7608,-53.1725,68.61,98,100,1.54,light rain
291,Hithadhoo,MV,-0.6,73.0833,81.73,74,100,10.11,overcast clouds
292,Parana,AR,-31.732,-60.5238,74.57,91,0,4.61,clear sky
293,Tura,IN,25.5198,90.2201,57.22,89,100,1.1,light rain
294,Nemuro,JP,43.3236,145.575,25.23,59,43,14.16,scattered clouds
295,Qixingtai,CN,30.4135,111.8874,47.82,43,0,1.74,clear sky
296,Nadym,RU,65.5333,72.5167,1.69,100,98,6.35,overcast clouds
297,Port Moresby,PG,-9.4431,147.1797,92.62,55,20,11.5,few clouds
298,Magugu,TZ,-4.0167,35.7667,66.4,80,100,3.11,overcast clouds
299,Thai Binh,VN,20.45,106.3333,60.8,65,100,8.14,overcast clouds
300,Lagunas,PE,-5.2269,-75.6753,73.63,88,99,1.54,moderate rain
301,Iwanai,JP,42.9744,140.5089,24.82,89,100,15.12,snow
302,Martapura,ID,-3.4167,114.85,86.09,70,40,3.44,scattered clouds
303,Komsomolskiy,UZ,40.4272,71.7189,31.42,74,2,2.3,clear sky
304,Inuvik,CA,68.3499,-133.7218,-24.84,68,20,2.3,few clouds
305,Boa Vista,BR,2.8197,-60.6733,82.38,61,0,11.5,clear sky
306,Vostok,RU,46.4856,135.8833,2.3,84,99,6.04,overcast clouds
307,Ust-Maya,RU,60.4167,134.5333,-13.16,87,100,3.78,overcast clouds
308,Inhambane,MZ,-23.865,35.3833,77.11,84,4,0.31,clear sky
309,Stillwater,US,36.1156,-97.0584,18.39,85,100,1.01,overcast clouds
310,West Plains,US,36.7281,-91.8524,18.43,88,100,5.99,overcast clouds
311,Luwuk,ID,-0.9516,122.7875,88.97,58,99,1.99,overcast clouds
312,Samarai,PG,-10.6167,150.6667,83.59,73,91,7.56,overcast clouds
313,Chapais,CA,49.7834,-74.8492,-27.62,100,40,2.48,scattered clouds
314,Berlevag,NO,70.8578,29.0864,20.64,81,96,13.51,overcast clouds
315,Atasu,KZ,48.6814,71.6433,0.01,82,0,5.55,clear sky
316,Gorontalo,ID,0.5412,123.0595,84.56,70,100,5.95,overcast clouds
317,Miraflores,MX,19.2167,-98.8083,63.25,66,1,4.0,clear sky
318,Floro,NO,61.5996,5.0328,37.36,93,75,21.85,broken clouds
319,Watertown,US,42.3709,-71.1828,47.7,95,100,0.0,light intensity drizzle
320,Zhigansk,RU,66.7697,123.3711,-25.37,96,89,3.62,overcast clouds
321,Garut,ID,-7.2024,107.8878,83.86,55,28,1.72,scattered clouds
322,Puerto Rondon,CO,6.2805,-71.1,79.43,58,61,4.94,broken clouds
323,Marshfield,US,44.6689,-90.1718,-0.49,65,0,4.61,clear sky
324,Roald,NO,62.5833,6.1333,40.12,87,100,25.32,light rain
325,Sinazongwe,ZM,-17.2614,27.4618,71.37,87,32,3.96,light rain
326,Manbij,SY,36.5281,37.9549,43.57,86,96,8.08,overcast clouds
327,Eunice,US,30.4944,-92.4176,40.96,88,100,13.24,overcast clouds
328,Aleksandrov Gay,RU,50.147,48.5704,27.23,94,100,7.45,overcast clouds
329,Chicama,PE,-7.8447,-79.1469,72.01,74,60,6.58,broken clouds
330,Moose Factory,CA,51.2585,-80.6094,-14.82,64,0,8.05,clear sky
331,Kayiry,UA,46.9454,33.7059,26.15,84,98,16.2,overcast clouds
332,Dire Dawa,ET,9.5931,41.8661,61.7,24,65,3.8,broken clouds
333,Iskateley,RU,67.6803,53.1512,2.53,98,100,3.15,overcast clouds
334,Mirpur Mathelo,PK,28.0227,69.5489,63.9,17,0,4.81,clear sky
335,Namatanai,PG,-3.6667,152.4333,84.43,69,76,10.2,broken clouds
336,Guiuan,PH,11.0333,125.7247,77.36,90,100,23.35,light rain
337,Caetite,BR,-14.0694,-42.475,65.19,88,34,6.02,scattered clouds
338,Marsa Matruh,EG,31.3525,27.2453,55.8,68,88,32.97,overcast clouds
339,Ibra,OM,22.6906,58.5334,62.71,61,0,2.39,clear sky
340,Verkhnyaya Inta,RU,65.9811,60.3094,14.22,96,100,5.5,overcast clouds
341,Narsaq,GL,60.9167,-46.05,25.02,96,100,9.31,snow
342,Khandyga,RU,62.6667,135.6,-23.98,93,82,0.96,broken clouds
343,Cayenne,GF,4.9333,-52.3333,79.09,90,75,3.0,broken clouds
344,Panalingaan,PH,8.7842,117.4231,86.2,63,11,7.92,few clouds
345,Bahia Blanca,AR,-38.7196,-62.2724,71.42,60,31,7.54,scattered clouds
346,Umm Kaddadah,SD,13.6017,26.6876,63.39,18,2,21.72,clear sky
347,Khaga,IN,25.7833,81.1167,61.86,77,17,1.61,few clouds
348,Doha,QA,25.2867,51.5333,60.78,85,0,0.0,clear sky
349,Puerto Baquerizo Moreno,EC,-0.9,-89.6,74.66,85,6,7.74,clear sky
350,Vitim,RU,59.4511,112.5578,11.57,92,100,9.13,light snow
351,Ayagoz,KZ,47.9714,80.4392,-3.14,89,74,5.64,broken clouds
352,Carnarvon,AU,-24.8667,113.6333,96.87,36,32,9.22,scattered clouds
353,Marsh Harbour,BS,26.5412,-77.0636,73.65,60,23,16.46,few clouds
354,Sayyan,YE,15.1718,44.3244,49.62,31,1,1.5,clear sky
355,Wuwei,CN,37.9281,102.6414,24.06,27,70,4.05,broken clouds
356,Grindavik,IS,63.8424,-22.4338,28.87,69,75,25.32,broken clouds
357,Bonga,ET,7.2833,36.2333,62.13,79,98,0.31,overcast clouds
358,San Patricio,US,28.017,-97.5169,35.83,75,74,16.15,broken clouds
359,Bengkulu,ID,-3.8004,102.2655,80.4,76,97,2.73,overcast clouds
360,Bud,US,39.447,-86.1758,21.85,92,100,15.23,light snow
361,Ouesso,CG,1.6136,16.0517,69.3,74,100,1.9,overcast clouds
362,Hanzhong,CN,33.0728,107.0303,45.54,51,25,2.66,scattered clouds
363,Tarko-Sale,RU,64.9225,77.785,12.94,96,100,8.34,overcast clouds
364,La Ronge,CA,55.1001,-105.2842,-14.55,70,0,8.05,clear sky
365,Almaznyy,RU,48.0448,40.045,32.14,94,100,11.63,light snow
366,Prinza,PH,13.9968,120.6541,88.79,51,58,9.31,broken clouds
367,Ichinoseki,JP,38.9167,141.1333,34.45,61,68,12.08,broken clouds
368,Athens,GR,37.9795,23.7162,44.98,84,75,1.99,broken clouds
369,Mareeba,AU,-17.0,145.4333,83.12,82,100,4.07,overcast clouds
370,Olafsvik,IS,64.8945,-23.7142,27.55,74,93,25.86,overcast clouds
371,Vangaindrano,MG,-23.35,47.6,75.69,90,95,9.37,light rain
372,Zolotukhino,RU,52.0842,36.3772,23.63,97,100,5.61,light snow
373,Mana,GF,5.6592,-53.7767,75.56,91,89,8.66,overcast clouds
374,Peine,DE,52.3167,10.2333,44.78,84,100,5.01,overcast clouds
375,Shu,KZ,43.5983,73.7614,33.67,72,5,1.68,clear sky
376,Madison Heights,US,42.4859,-83.1052,19.67,82,100,9.22,overcast clouds
377,Ketchikan,US,55.3422,-131.6461,46.38,93,100,12.66,heavy intensity rain
378,Petit-Canal,GP,16.3784,-61.4879,73.0,100,0,2.3,clear sky
379,Tautira,PF,-17.7333,-149.15,87.82,77,44,15.17,light rain
380,Moerai,PF,-22.4333,-151.3333,79.47,78,99,17.31,overcast clouds
381,Petropavlovskoye,RU,52.0712,84.107,5.79,87,63,3.0,broken clouds
382,Khairagarh,IN,26.95,77.8167,57.47,63,0,7.43,clear sky
383,Gillette,US,44.2911,-105.5022,16.81,69,0,8.05,clear sky
384,Voivodeni,RO,46.7,24.6333,18.81,93,99,1.9,overcast clouds
385,Detchino,RU,54.8092,36.3075,21.65,97,93,2.66,overcast clouds
386,Verkhoyansk,RU,67.5447,133.385,-28.08,97,69,1.03,broken clouds
387,Micheweni,TZ,-4.9667,39.8333,80.19,79,99,9.08,overcast clouds
388,Souillac,MU,-20.5167,57.5167,81.36,94,75,20.71,light rain
389,Lundamo,NO,63.1333,10.3,34.47,89,100,4.41,snow
390,Desnogorsk,RU,54.1508,33.2815,7.81,98,92,6.31,overcast clouds
391,Turayf,SA,31.6725,38.6637,44.85,87,0,13.8,clear sky
392,Kifri,IQ,34.6959,44.9661,50.59,64,85,3.65,overcast clouds
393,Redlands,US,34.0556,-117.1825,58.24,30,18,1.01,few clouds
394,Padang,ID,-0.9492,100.3543,84.25,72,84,3.91,broken clouds
395,Krasnyy Chikoy,RU,50.3643,108.7512,6.17,91,93,1.9,overcast clouds
396,Benjamin Constant,BR,-4.3831,-70.0311,77.13,98,84,1.12,broken clouds
397,Okhotsk,RU,59.3833,143.3,9.66,74,87,15.5,overcast clouds
398,Lewiston,US,44.1003,-70.2148,36.75,97,100,10.36,snow
399,Gimli,CA,50.6336,-96.9907,-3.98,71,100,14.97,overcast clouds
400,Aksay,RU,47.26,39.87,35.17,96,100,8.01,overcast clouds
401,Aksarka,RU,66.5606,67.7975,-11.27,100,98,1.07,overcast clouds
402,Homer,US,59.6425,-151.5483,30.09,86,100,12.66,light snow
403,Porto Novo,BJ,6.4965,2.6036,75.79,88,0,2.21,clear sky
404,Durban,ZA,-29.8579,31.0292,76.12,93,100,7.0,overcast clouds
405,Kathu,TH,7.9178,98.3332,87.62,73,15,15.57,few clouds
406,Ordu,TR,40.9086,37.6845,34.3,98,100,6.49,light snow
407,Shakawe,BW,-18.3667,21.85,63.18,91,44,3.56,light rain
408,Nuuk,GL,64.1835,-51.7216,12.81,92,100,4.61,light snow
409,Eyl,SO,7.9803,49.8164,70.14,69,1,11.12,clear sky
410,Winnemucca,US,40.973,-117.7357,33.85,51,0,12.66,clear sky
411,Puerto Escondido,MX,15.85,-97.0667,76.03,73,0,5.75,clear sky
412,Norman Wells,CA,65.282,-126.8329,-43.56,66,0,0.0,clear sky
413,Svetlyy,RU,54.675,20.1347,33.85,98,100,10.38,overcast clouds
414,Pacific Grove,US,36.6177,-121.9166,55.08,83,0,1.99,clear sky
415,Kasongo-Lunda,CD,-6.4667,16.8167,68.94,98,100,1.83,overcast clouds
416,Pasighat,IN,28.0667,95.3333,68.88,38,19,0.96,few clouds
417,Ratnagiri,IN,16.9833,73.3,75.56,63,56,3.98,broken clouds
418,Raver,IN,21.25,76.0333,70.38,24,0,6.02,clear sky
419,Mandalgovi,MN,45.7625,106.2708,10.9,60,72,12.75,broken clouds
420,Coquimbo,CL,-29.9533,-71.3436,64.13,82,20,3.44,few clouds
421,Bilma,NE,18.6853,12.9164,50.23,34,0,11.36,clear sky
422,Pulandian,CN,39.3953,121.9669,24.93,41,2,17.58,clear sky
423,Brownsville,US,25.9018,-97.4975,39.09,82,100,8.99,overcast clouds
424,Onda,ES,39.9667,-0.25,54.95,60,39,4.5,scattered clouds
425,Gerash,IR,27.6652,54.1371,39.34,35,0,2.35,clear sky
426,Cockburn Town,TC,21.4612,-71.1419,75.83,71,1,19.48,clear sky
427,Klaksvik,FO,62.2266,-6.589,36.52,77,97,50.06,overcast clouds
428,Brae,GB,60.3964,-1.353,37.31,71,83,35.84,broken clouds
429,Port Blair,IN,11.6667,92.75,80.64,74,20,11.5,mist
430,Kutum,SD,14.2,24.6667,55.31,19,7,14.36,clear sky
431,State College,US,40.7934,-77.86,35.82,95,100,1.01,moderate rain
432,Haines Junction,CA,60.7522,-137.5108,-2.25,78,100,1.14,overcast clouds
433,Conroe,US,30.3119,-95.456,30.65,88,100,1.99,overcast clouds
434,Takoradi,GH,4.8845,-1.7554,77.74,84,2,5.14,light rain
435,Malanje,AO,-9.5402,16.341,61.54,97,100,1.36,light rain
436,Xinyu,CN,27.8043,114.9334,45.34,70,98,5.1,overcast clouds
437,Stolin,BY,51.8912,26.846,13.62,99,82,3.83,broken clouds
438,Ostrovnoy,RU,68.0531,39.5131,8.62,96,100,5.21,overcast clouds
439,Surgut,RU,61.25,73.4167,19.58,92,100,8.99,light snow
440,Moron,AR,-34.6534,-58.6198,73.15,89,1,5.06,clear sky
441,Christchurch,NZ,-43.5333,172.6333,62.94,87,75,1.99,moderate rain
442,Namibe,AO,-15.1961,12.1522,70.29,78,14,4.85,few clouds
443,Xanxere,BR,-26.8769,-52.4042,67.15,97,90,2.42,light rain
444,Sao Joao Da Barra,BR,-21.6403,-41.0511,73.27,98,98,5.57,overcast clouds
445,Sao Felix Do Xingu,BR,-6.6447,-51.995,70.16,96,3,0.89,clear sky
446,Port Augusta,AU,-32.5,137.7667,84.7,27,0,11.54,clear sky
447,Bom Jardim,BR,-7.7958,-35.5872,75.54,89,100,4.34,overcast clouds
448,Andujar,ES,38.0392,-4.0508,47.98,73,19,0.83,few clouds
449,Camacha,PT,33.0833,-16.3333,60.22,94,20,9.22,few clouds
450,Lazaro Cardenas,MX,17.9583,-102.2,70.99,78,0,4.45,clear sky
451,Belaya Gora,RU,68.5333,146.4167,-32.96,99,36,2.13,scattered clouds
452,Muros,ES,42.7762,-9.0603,53.24,95,100,5.12,overcast clouds
453,Vila,PT,42.0304,-8.1588,42.33,85,100,2.64,overcast clouds
454,Umm Lajj,SA,25.0213,37.2685,66.76,46,0,18.48,clear sky
455,Lashio,MM,22.9333,97.75,70.3,34,0,0.96,clear sky
456,Henties Bay,NA,-22.116,14.2845,65.86,88,5,6.96,clear sky
457,Kavaratti,IN,10.5669,72.642,79.18,65,5,9.08,clear sky
458,Kamenka,RU,51.3223,42.7678,27.75,98,100,8.86,overcast clouds
459,Mocuba,MZ,-16.8392,36.9856,71.78,93,75,2.48,broken clouds
460,Bansko,BG,41.8383,23.4885,22.75,68,73,2.04,broken clouds
461,Etchoropo,MX,26.7667,-109.6667,56.41,47,0,14.16,clear sky
462,Cabra,ES,37.4725,-4.4421,45.18,62,22,0.83,few clouds
463,Esso,RU,55.9333,158.7,16.52,92,100,0.49,overcast clouds
464,Boda,CF,4.3189,17.4695,70.36,25,43,3.09,scattered clouds
465,Wanaka,NZ,-44.7,169.15,52.11,93,100,1.01,moderate rain
466,Mount Pleasant,US,32.7941,-79.8626,69.01,89,20,1.01,few clouds
467,Gao,ML,16.6362,1.637,57.85,15,2,16.17,clear sky
468,Quatre Cocos,MU,-20.2078,57.7625,81.09,87,99,19.66,light rain
469,Yulara,AU,-25.2406,130.9889,80.44,26,88,14.97,overcast clouds
470,San Luis,AR,-33.295,-66.3356,61.93,91,77,15.93,broken clouds
471,El Dorado,US,38.7666,-120.5177,43.09,65,17,9.48,few clouds
472,Shahr-E Babak,IR,30.1165,55.1186,44.1,30,0,4.61,clear sky
473,Balkanabat,TM,39.5108,54.3671,50.52,32,2,9.28,clear sky
474,Wexford,IE,52.3342,-6.4575,41.22,83,100,12.3,light rain
475,Sukumo,JP,32.9333,132.7333,47.84,47,26,14.58,scattered clouds
476,Ilulissat,GL,69.2167,-51.1,23.02,50,100,11.5,overcast clouds
477,Gucheng,CN,35.9115,111.3192,36.97,22,0,8.3,clear sky
478,Luanda,AO,-8.8368,13.2343,74.75,82,100,7.74,overcast clouds
479,Marzuq,YE,14.4,46.4667,61.02,27,10,2.33,clear sky
480,Banepa,NP,27.6298,85.5214,44.92,87,75,13.8,broken clouds
481,Maneadero,MX,31.7167,-116.5667,53.19,35,0,5.93,clear sky
482,Scottsbluff,US,41.8666,-103.6672,13.32,72,0,3.0,clear sky
483,Taitung,TW,22.7583,121.1444,71.87,73,75,3.44,broken clouds
484,Bathsheba,BB,13.2167,-59.5167,75.81,73,20,11.5,few clouds
485,Khorixas,NA,-20.3667,14.9667,64.74,60,40,5.28,scattered clouds
486,Ronneby,SE,56.21,15.276,39.7,100,100,3.44,fog
487,Luban,PL,51.1201,15.2877,41.61,94,100,7.63,overcast clouds
488,Briancon,FR,44.9,6.65,33.35,55,8,2.75,clear sky
489,Lagoa,PT,39.05,-27.9833,57.67,76,100,11.3,overcast clouds
490,Mirabad,AF,30.4362,61.8383,51.31,34,0,3.67,clear sky
491,Altay,CN,47.8667,88.1167,9.93,68,5,4.12,clear sky
492,Cairns,AU,-16.9167,145.7667,87.75,66,100,5.75,overcast clouds
493,Bay Roberts,CA,47.5999,-53.2648,39.51,89,100,7.0,overcast clouds
494,Revda,RU,56.801,59.9303,25.61,98,100,3.98,light snow
495,Atagay,RU,55.1033,99.3875,10.45,82,66,2.8,broken clouds
496,Beeskow,DE,52.1667,14.25,42.94,93,100,4.0,overcast clouds
497,Bekovo,RU,52.4663,43.712,30.83,99,100,5.73,snow
498,Avera,US,33.194,-82.5271,69.75,78,100,15.39,overcast clouds
499,Sucua,EC,-2.4667,-78.1667,69.71,94,99,1.32,overcast clouds
500,Bagdarin,RU,54.4333,113.6,5.38,72,100,4.05,overcast clouds
501,Viedma,AR,-40.8135,-62.9967,69.33,55,31,6.91,scattered clouds
502,Tabou,CI,4.423,-7.3528,77.47,85,13,2.1,light rain
503,Araouane,ML,18.9048,-3.5265,61.72,13,0,10.92,clear sky
504,Kwinana,AU,-32.25,115.7667,102.31,29,20,9.69,few clouds
505,Naron,ES,43.5167,-8.1528,54.68,91,100,6.22,overcast clouds
506,Agirish,RU,61.9247,63.0231,10.56,98,98,3.87,overcast clouds
507,Lampazos De Naranjo,MX,27.0167,-100.5167,36.28,57,53,13.13,broken clouds
508,Healdsburg,US,38.6105,-122.8692,52.45,74,0,6.91,clear sky
509,Sarangani,PH,5.4033,125.4636,79.56,83,98,21.72,moderate rain
510,Sesheke,ZM,-17.4759,24.2968,64.62,96,99,0.38,overcast clouds
511,Beyneu,KZ,45.3167,55.2,36.64,70,100,22.08,overcast clouds
512,Pangnirtung,CA,66.1451,-65.7125,-14.55,99,100,2.95,overcast clouds
513,Qalyub,EG,30.1792,31.2056,52.59,53,35,19.73,scattered clouds
514,Port Hardy,CA,50.6996,-127.4199,46.76,93,75,13.8,broken clouds
515,Ahipara,NZ,-35.1667,173.1667,76.42,71,56,14.03,broken clouds
516,Srednekolymsk,RU,67.45,153.6833,-30.14,100,37,1.86,scattered clouds
517,Tukrah,LY,32.5341,20.5791,53.69,56,33,20.27,scattered clouds
518,Santiago De Cuba,CU,20.0247,-75.8219,75.31,78,40,4.61,scattered clouds
519,Danilovka,RU,50.3557,44.1168,34.68,100,100,9.22,snow
520,Chapleau,CA,47.8405,-83.4034,-24.5,100,12,1.3,few clouds
521,Saint-Francois,FR,46.4154,3.9054,40.68,88,100,4.61,overcast clouds
522,Wanning,CN,18.8003,110.3967,66.63,85,100,12.19,overcast clouds
523,Varjota,BR,-4.1944,-40.4767,73.92,82,98,4.03,overcast clouds
524,Tiarei,PF,-17.5333,-149.3333,86.02,76,22,15.79,light rain
525,Taoudenni,ML,22.6783,-3.9836,60.64,21,27,8.97,scattered clouds
526,Caucaia,BR,-3.7361,-38.6531,82.35,75,75,10.36,broken clouds
527,Aripuana,BR,-9.1667,-60.6333,72.05,99,95,0.85,overcast clouds
528,Walvis Bay,NA,-22.9575,14.5053,66.09,80,16,8.68,few clouds
529,Kerman,IR,30.2832,57.0788,48.6,16,0,0.96,clear sky
530,Poum,NC,-20.2333,164.0167,82.58,84,92,13.22,light rain
531,Dicabisagan,PH,17.0818,122.4157,78.6,75,92,6.4,overcast clouds
532,Talcahuano,CL,-36.7167,-73.1167,62.28,82,0,8.05,clear sky
533,Xining,CN,36.6167,101.7667,17.64,45,98,2.68,overcast clouds
534,Kaniama,CD,-7.5667,24.1833,63.63,98,99,1.97,overcast clouds
535,San Cristobal,VE,7.7669,-72.225,73.58,67,84,0.69,broken clouds
536,Flinders,AU,-34.5833,150.8552,76.37,58,77,17.27,broken clouds
537,Saint-Joseph,RE,-21.3667,55.6167,79.16,88,100,27.47,moderate rain
538,Ciudad Bolivar,VE,8.1222,-63.5497,77.88,68,25,13.8,scattered clouds
539,Sucre,BO,-19.0333,-65.2627,57.25,79,96,2.53,overcast clouds
540,Ornskoldsvik,SE,63.2909,18.7153,30.02,100,100,21.85,snow
541,Svetlaya,RU,46.5389,138.3297,17.55,52,8,2.71,clear sky
542,Grosseto,IT,42.8333,11.25,56.79,83,100,4.76,overcast clouds
543,Saint-Pierre,RE,-21.3393,55.4781,80.24,84,100,20.04,light rain
544,Bonthe,SL,7.5264,-12.505,74.5,91,1,4.99,clear sky
545,Uren,RU,57.4552,45.7852,10.18,98,100,5.41,overcast clouds
546,Blanes,ES,41.6742,2.7904,55.69,96,100,5.01,overcast clouds
547,Orthez,FR,43.4884,-0.7724,46.76,90,100,2.73,overcast clouds
548,Mount Gambier,AU,-37.8333,140.7667,73.31,38,75,6.91,broken clouds
549,Zyryanovsk,KZ,49.7386,84.2719,-8.99,97,74,0.78,broken clouds
550,Broome,US,42.2506,-75.833,28.67,83,100,3.0,mist
551,Anadyr,RU,64.75,177.4833,14.5,67,9,33.55,clear sky
552,Shellbrook,CA,53.2168,-106.4011,-22.77,99,7,6.8,clear sky
553,Nieuw Amsterdam,SR,5.8833,-55.0833,76.01,93,85,9.33,overcast clouds
554,Sale,MA,34.0389,-6.8166,55.74,100,75,0.0,broken clouds
555,Holzminden,DE,51.828,9.4455,44.55,90,100,9.08,overcast clouds
556,Shimoga,IN,13.9167,75.5667,72.36,66,29,7.2,scattered clouds
557,Ayna,PE,-12.65,-73.9167,58.86,97,81,1.16,broken clouds
558,Kemise,ET,10.7167,39.8667,60.53,48,61,3.71,broken clouds
559,Ballina,AU,-28.8667,153.5667,77.18,80,75,16.11,light rain
560,Tres Arroyos,AR,-38.3739,-60.2798,63.82,87,12,5.93,few clouds
561,Kwekwe,ZW,-18.9281,29.8149,60.73,93,76,2.35,broken clouds
562,Claremore,US,36.3126,-95.6161,20.35,80,100,5.99,light snow
563,Seoul,KR,37.5683,126.9778,31.51,34,0,10.36,clear sky
564,Naryan-Mar,RU,67.6713,53.087,2.39,98,100,3.22,overcast clouds
565,Xuddur,SO,4.1213,43.8894,68.2,67,81,18.86,broken clouds
566,Sobolevo,RU,54.4299,31.8996,3.9,100,94,6.55,overcast clouds
567,Baykalovo,RU,57.3981,63.7684,28.53,97,100,8.57,light snow
568,Jacareacanga,BR,-6.2222,-57.7528,73.62,92,100,0.65,overcast clouds
569,Iqaluit,CA,63.7506,-68.5145,-7.87,59,75,6.91,light snow
570,Mitsamiouli,KM,-11.3847,43.2844,82.33,77,100,11.74,overcast clouds
571,Hovd,MN,48.0056,91.6419,-2.54,76,20,1.59,few clouds
572,Aguimes,ES,27.9054,-15.4461,65.03,49,0,8.05,clear sky
573,Manavalakurichi,IN,8.1333,77.3,82.49,67,13,4.03,few clouds
574,Itoman,JP,26.1247,127.6694,62.62,92,75,18.41,broken clouds
